recorded_utc,git_sha,run_label,count,warmup,stack,size,rate_hz,n,mean_us,p50_us,p99_us,gap_count
2026-10-05 17:53 UTC,1bbfdad,snapshot-20261005T175359Z,200,50,covesa,64,100.0,200,601.600,596.885,873.247,0
2026-10-05 17:53 UTC,1bbfdad,snapshot-20261005T175359Z,200,50,sgmenon,64,100.0,200,348.722,340.125,501.270,0
2026-10-05 17:53 UTC,1bbfdad,snapshot-20261005T175359Z,200,50,covesa,1024,100.0,200,394.768,364.379,693.700,0
2026-10-05 17:53 UTC,1bbfdad,snapshot-20261005T175359Z,200,50,sgmenon,1024,100.0,200,341.009,337.485,518.909,0
2026-10-05 17:53 UTC,1bbfdad,snapshot-20261005T175359Z,200,50,covesa,16384,100.0,200,635.284,621.455,890.368,0
2026-10-05 17:53 UTC,1bbfdad,snapshot-20261005T175359Z,200,50,sgmenon,16384,100.0,200,420.943,419.950,569.686,0
2026-10-05 17:53 UTC,1bbfdad,snapshot-20261005T175359Z,200,50,covesa,65536,50.0,200,1526.010,1513.964,1783.487,0
2026-10-05 17:53 UTC,1bbfdad,snapshot-20261005T175359Z,200,50,sgmenon,65536,50.0,200,737.400,724.355,931.706,0
2026-10-05 17:53 UTC,1bbfdad,snapshot-20261005T175359Z,200,50,covesa,262144,50.0,200,4598.980,4585.548,5543.199,0
2026-10-05 17:53 UTC,1bbfdad,snapshot-20261005T175359Z,200,50,sgmenon,262144,50.0,200,1935.802,1925.684,2274.090,0
2026-10-05 17:53 UTC,1bbfdad,snapshot-20261005T175359Z,200,50,covesa,1048576,10.0,200,18043.282,17868.650,21830.439,0
2026-10-05 17:53 UTC,1bbfdad,snapshot-20261005T175359Z,200,50,sgmenon,1048576,10.0,200,6503.969,6470.286,7071.725,0
2026-10-05 17:53 UTC,1bbfdad,snapshot-20261005T175359Z,100,50,covesa,4194304,2.0,100,68460.335,68054.637,88586.276,0
2026-10-05 17:53 UTC,1bbfdad,snapshot-20261005T175359Z,100,50,sgmenon,4194304,2.0,100,24404.524,24050.466,26733.626,0
2026-10-05 17:53 UTC,1bbfdad,snapshot-20261005T175359Z,50,50,covesa,10485760,1.0,50,148230.048,147925.044,181042.781,0
2026-10-05 17:53 UTC,1bbfdad,snapshot-20261005T175359Z,50,50,sgmenon,10485760,1.0,50,59891.663,58986.452,64947.899,0
